,City,Cloudiness,Country,Date,Humidity,Lat,Lng,Max Temp,Wind Speed
0,Gannan,30,CN,1601447133,42,47.91,123.5,288.53,2.21
1,Bengkulu,48,ID,1601447133,55,-3.8,102.27,304.5,5.39
2,Khatanga,99,RU,1601447133,95,71.97,102.5,272.35,7.3
3,Ostrovnoy,3,RU,1601446865,78,68.05,39.51,281.91,6.86
4,George Town,40,MY,1601446878,79,5.41,100.34,303.15,2.6
5,Bambanglipuro,72,ID,1601447134,49,-7.95,110.28,304.26,6.92
6,Rikitea,55,PF,1601447134,79,-23.12,-134.97,294.33,10.13
7,Avera,1,US,1601446887,67,33.19,-82.53,287.15,3.6
8,Castro,25,BR,1601447135,93,-24.79,-50.01,289.14,1.5
9,Busselton,100,AU,1601447135,79,-33.65,115.33,290.93,3.58
10,Hobart,75,AU,1601446998,55,-42.88,147.33,290.37,7.7
11,Bluff,94,NZ,1601447136,83,-46.6,168.33,283.15,3.13
12,East London,0,ZA,1601447136,59,-33.02,27.91,289.15,3.6
13,Albany,90,US,1601447136,100,42.6,-73.97,287.04,1.5
14,Broken Hill,54,AU,1601447051,42,-31.95,141.43,293.15,8.2
15,Mar del Plata,29,AR,1601446872,87,-38.0,-57.56,285.15,4.6
16,Ponta Delgada,75,PT,1601446953,72,37.73,-25.67,292.15,2.6
17,Great Falls,1,US,1601446899,54,47.5,-111.3,285.15,5.1
18,Nikolskoye,90,RU,1601447138,87,59.7,30.79,285.15,2.0
19,Tasiilaq,98,GL,1601447138,80,65.61,-37.64,272.15,0.5
20,Cockburn Town,86,TC,1601446974,78,21.46,-71.14,302.22,7.92
21,Punta Arenas,90,CL,1601447139,86,-53.15,-70.92,274.15,6.2
22,Koumac,26,NC,1601447139,66,-20.57,164.28,294.9,8.51
23,Avarua,32,CK,1601447139,88,-21.21,-159.78,297.15,8.7
24,Villamar,98,MX,1601447140,80,20.02,-102.6,286.73,1.25
25,Faya,0,SA,1601447140,22,18.39,42.45,298.15,2.1
26,Atuona,2,PF,1601447140,75,-9.8,-139.03,299.11,9.94
27,Lompoc,90,US,1601446937,93,34.64,-120.46,287.15,3.64
28,Ningxiang,100,CN,1601447141,67,37.34,111.21,290.37,3.56
29,Butaritari,45,KI,1601447141,75,3.07,172.79,301.23,4.93
30,Tiksi,100,RU,1601447141,95,71.69,128.87,274.06,5.6
31,Murud,27,IN,1601447122,69,18.33,72.97,301.9,1.59
32,Thompson,75,CA,1601447142,100,55.74,-97.86,280.15,2.6
33,Chegutu,55,ZW,1601447143,61,-18.13,30.14,295.84,4.97
34,Ushuaia,75,AR,1601447143,94,-54.8,-68.3,273.15,7.7
35,Guiyang,90,CN,1601447144,72,26.58,106.72,293.15,2.0
36,Oban,100,GB,1601447144,93,56.41,-5.47,285.93,0.45
37,Tuktoyaktuk,75,CA,1601447145,93,69.45,-133.04,276.15,1.0
38,Saint-Philippe,35,RE,1601447145,57,-21.36,55.77,299.15,3.1
39,Jamestown,90,US,1601446892,100,42.1,-79.24,283.71,2.1
40,Port Alfred,4,ZA,1601447146,60,-33.59,26.89,288.81,5.44
41,Tulsīpur,15,NP,1601447146,62,28.13,82.3,302.22,1.89
42,Belmonte,40,BR,1601447146,94,-15.86,-38.88,294.15,1.5
43,Roald,20,NO,1601447147,100,62.58,6.13,283.15,3.6
44,Kapaa,1,US,1601447147,74,22.08,-159.32,299.15,1.5
45,Aklavik,20,CA,1601447148,86,68.22,-135.01,276.15,2.1
46,Bafoulabé,27,ML,1601447148,79,13.81,-10.83,298.5,1.05
47,Palmer,90,US,1601447148,94,42.16,-72.33,295.15,4.1
48,San Cristobal,98,VE,1601447149,82,7.77,-72.22,291.6,1.4
49,Cayenne,92,GF,1601447149,100,4.93,-52.33,297.15,2.69
50,Esperance,18,AU,1601447149,56,-33.87,121.9,295.15,4.6
51,Callaway,1,US,1601447150,77,30.15,-85.57,289.15,2.85
52,De Aar,0,ZA,1601447150,33,-30.65,24.01,285.41,2.3
53,Ahipara,36,NZ,1601447150,69,-35.17,173.17,285.85,3.51
54,Oudtshoorn,20,ZA,1601447151,76,-33.59,22.2,284.15,1.5
55,Salem,75,IN,1601446855,70,11.65,78.17,302.15,1.0
56,Yellowknife,20,CA,1601447043,100,62.46,-114.35,276.48,3.1
57,Nome,90,US,1601447151,86,64.5,-165.41,277.15,2.21
58,Alofi,49,NU,1601447152,88,-19.06,-169.92,298.15,2.6
59,Kahului,40,US,1601447152,69,20.89,-156.47,300.15,4.6
60,Bethel,100,US,1601446970,98,41.37,-73.41,294.26,0.89
61,Mataura,100,NZ,1601447153,83,-46.19,168.86,283.15,3.13
62,Srednekolymsk,98,RU,1601447153,77,67.45,153.68,282.04,2.03
63,Hilo,20,US,1601447154,78,19.73,-155.09,299.15,2.1
64,Mount Isa,40,AU,1601447154,14,-20.73,139.5,309.15,3.1
65,Les Cayes,100,HT,1601447154,78,18.2,-73.75,300.02,2.74
66,Grand Gaube,82,MU,1601447155,70,-20.01,57.66,297.59,3.13
67,Cabo San Lucas,0,MX,1601447067,69,22.89,-109.91,300.93,0.67
68,Kiryat Gat,0,IL,1601446983,89,31.61,34.76,299.82,2.29
69,Fredericksburg,90,US,1601447121,100,38.3,-77.46,286.15,1.5
70,Severo-Kuril'sk,77,RU,1601447156,77,50.68,156.12,284.97,3.21
71,Saint-Augustin,81,CA,1601447156,90,51.23,-58.65,288.18,8.54
72,Klaksvík,97,FO,1601447156,93,62.23,-6.59,283.15,13.4
73,Upernavik,80,GL,1601447157,90,72.79,-56.15,268.36,4.3
74,Sennar,83,SD,1601447157,64,13.57,33.57,301.69,6.24
75,Fairbanks,1,US,1601446995,65,64.84,-147.72,280.15,3.6
76,Jijiga,100,ET,1601447158,76,9.35,42.8,292.56,4.67
77,Hermanus,40,ZA,1601447158,84,-34.42,19.23,284.82,0.89
78,Ribeira Grande,20,PT,1601447159,82,38.52,-28.7,289.15,2.1
79,Bay Roberts,22,CA,1601447159,1,47.6,-53.26,291.48,5.41
80,Vaini,75,TO,1601446949,94,-21.2,-175.2,298.15,5.7
81,Saint-Joseph,19,RE,1601447160,57,-21.37,55.62,299.15,3.1
82,Abu Dhabi,0,AE,1601447063,17,24.47,54.37,308.15,5.1
83,Kamenka,100,RU,1601447160,41,51.32,42.77,287.04,0.89
84,Montrose,1,US,1601446888,39,38.42,-108.27,283.15,3.6
85,Qaanaaq,0,GL,1601447161,78,77.48,-69.36,263.24,3.13
86,Nemuro,75,JP,1601447161,77,43.32,145.57,288.15,3.6
87,Westport,90,US,1601447162,94,41.14,-73.36,295.15,6.2
88,Cape Town,27,ZA,1601446889,71,-33.93,18.42,288.71,1.5
89,Dikson,100,RU,1601447163,81,73.51,80.55,275.31,5.47
90,Tay Ninh,85,VN,1601447163,60,11.3,106.1,305.3,3.34
91,Karaton,20,ID,1601447164,55,-6.34,106.1,306.15,7.2
92,Thinadhoo,100,MV,1601447164,72,0.53,72.93,301.87,3.48
93,Malanje,100,AO,1601447165,92,-9.54,16.34,291.42,1.25
94,Saint George,1,US,1601447165,14,37.1,-113.58,293.71,2.1
95,Pangnirtung,0,CA,1601447165,86,66.15,-65.71,269.66,2.73
96,Jumla,19,NP,1601447165,89,29.27,82.18,289.82,1.34
97,Kedrovyy,40,RU,1601447166,64,56.17,91.82,276.15,3.0
98,Velika Gorica,5,HR,1601447166,87,45.71,16.08,285.93,3.1
99,Souillac,75,MU,1601447166,78,-20.52,57.52,297.15,5.7
100,Andra,78,RU,1601447167,80,62.51,65.89,283.93,2.7
101,Kavieng,92,PG,1601447167,71,-2.57,150.8,302.06,2.08
102,Longyearbyen,75,SJ,1601447167,87,78.22,15.64,277.15,9.3
103,Pevek,100,RU,1601447168,77,69.7,170.31,276.93,7.71
104,Solnechnyy,33,RU,1601447168,63,50.72,136.63,284.49,1.81
105,Florø,75,NO,1601447168,93,61.6,5.03,285.15,3.6
106,Celendín,96,PE,1601447169,82,-6.87,-78.15,285.4,1.52
107,Santa Isabel,90,BR,1601446944,93,-23.32,-46.22,292.15,5.1
108,Codrington,100,AU,1601447169,81,-38.27,141.97,287.52,5.76
109,Nanortalik,14,GL,1601447170,81,60.14,-45.24,273.95,4.65
110,Asău,100,RO,1601447170,93,46.43,26.4,283.71,4.36
111,Caravelas,10,BR,1601447170,91,-17.71,-39.25,295.44,2.31
112,Nanton,96,CA,1601447171,67,50.35,-113.77,284.82,1.81
113,Acapulco de Juárez,71,MX,1601447171,80,16.86,-99.89,299.63,2.53
114,Puerto Ayora,96,EC,1601447171,89,-0.74,-90.35,293.15,2.68
115,Coquimbo,0,CL,1601447172,81,-29.95,-71.34,282.15,3.1
116,Oruzgan,0,AF,1601447172,27,32.83,66.0,289.72,2.72
117,New Norfolk,97,AU,1601447172,56,-42.78,147.06,290.37,2.68
118,Weener,87,DE,1601447173,97,53.17,7.35,285.93,3.12
119,Mahébourg,75,MU,1601447173,78,-20.41,57.7,297.15,5.7
120,Mahajanga,45,MG,1601447173,40,-15.72,46.32,304.15,5.1
121,Lagoa,2,PT,1601446889,75,39.05,-27.98,292.52,5.86
122,Oxford,71,GB,1601447100,100,51.75,-1.26,282.15,0.5
123,Arraial do Cabo,95,BR,1601447174,89,-22.97,-42.03,295.99,4.35
124,Kurchum,0,KZ,1601447175,51,48.57,83.65,282.13,2.75
125,Torbay,75,CA,1601447175,100,47.67,-52.73,291.48,5.1
126,Tari,78,NG,1601447175,80,12.41,4.49,297.56,3.47
127,Sol'-Iletsk,4,RU,1601447176,42,51.16,54.99,289.44,3.94
128,Pucallpa,87,PE,1601447176,95,-8.38,-74.55,294.63,0.11
129,Saint Paul Harbor,90,US,1601447177,93,57.79,-152.41,281.15,13.4
130,Lakatoro,40,VU,1601447177,74,-16.1,167.42,301.15,4.6
131,Alihe,24,CN,1601447178,44,50.57,123.72,286.72,1.99
132,Ixtapa,79,MX,1601447178,88,20.7,-105.2,300.93,0.45
133,Itaituba,65,BR,1601447178,70,-4.28,-55.98,298.09,1.08
134,São João da Barra,65,BR,1601447179,88,-21.64,-41.05,296.28,2.02
135,Muisne,99,EC,1601447179,85,0.6,-80.03,295.91,4.16
136,Kaitangata,98,NZ,1601447179,64,-46.28,169.85,283.71,3.58
137,Bathsheba,40,BB,1601447180,83,13.22,-59.52,301.15,9.8
138,Luganville,40,VU,1601447180,74,-15.53,167.17,301.15,4.6
139,Batagay-Alyta,100,RU,1601447180,74,67.8,130.41,274.38,7.97
140,Parabel',100,RU,1601447181,73,58.7,81.48,279.04,4.62
141,Airai,89,TL,1601447181,52,-8.93,125.41,297.67,2.39
142,Anadyr,91,RU,1601447182,75,64.75,177.48,278.15,2.0
143,Ancud,57,CL,1601447182,86,-41.87,-73.82,277.59,2.6
144,Port Blair,16,IN,1601447182,72,11.67,92.75,302.81,8.57
145,Ballina,100,AU,1601447183,46,-28.87,153.57,294.15,5.1
146,Kruisfontein,0,ZA,1601447183,70,-34.0,24.73,285.93,0.89
147,Half Moon Bay,90,US,1601446994,100,37.46,-122.43,289.26,2.6
148,Tiarei,20,PF,1601447184,69,-17.53,-149.33,300.15,1.5
149,Glossa,20,GR,1601447184,64,35.47,23.78,298.15,5.1
150,Narsaq,4,GL,1601447185,46,60.92,-46.05,271.15,3.6
151,Rudnya,98,RU,1601446961,81,54.95,31.09,283.15,4.0
152,Bredasdorp,19,ZA,1601447185,87,-34.53,20.04,284.15,1.0
153,Gamba,95,GA,1601447186,73,-2.65,10.0,296.9,0.3
154,Inhambane,40,MZ,1601447186,73,-23.86,35.38,298.15,2.1
155,Cherskiy,69,RU,1601447186,62,68.75,161.3,280.04,5.38
156,Srandakan,75,ID,1601447187,49,-7.94,110.25,304.26,6.8
157,Sinop Province,75,TR,1601447187,100,41.77,34.87,291.15,7.2
158,Katsuura,20,JP,1601447188,60,35.13,140.3,299.26,2.6
159,Aleksandrovskoye,40,RU,1601447188,76,44.71,43.0,286.15,7.0
160,Svirstroy,29,RU,1601447188,90,60.8,33.72,283.66,1.29
161,Hasaki,40,JP,1601447189,64,35.73,140.83,299.26,5.1
162,Itarema,54,BR,1601447190,73,-2.92,-39.92,299.37,8.17
163,Alice Springs,0,AU,1601446957,21,-23.7,133.88,302.15,3.6
164,Santa Cruz de Tenerife,40,ES,1601446932,82,28.47,-16.25,292.59,4.6
165,Thai Binh,20,VN,1601447039,75,20.45,106.33,305.15,4.6
166,Port Lincoln,71,AU,1601447191,74,-34.73,135.87,289.58,9.34
167,Kavaratti,40,IN,1601447192,74,10.57,72.64,302.15,2.6
168,Mopti,20,ML,1601447193,94,14.67,-4.0,299.15,1.66
169,Plettenberg Bay,0,ZA,1601447193,58,-34.05,23.37,287.07,0.27
170,Koszalin,72,PL,1601447193,91,54.19,16.17,283.15,1.87
171,Mulegé,0,MX,1601447194,50,26.88,-111.98,301.99,0.87
172,Havelock,90,US,1601447194,94,34.88,-76.9,293.71,3.1
173,Santa Cruz de la Sierra,0,BO,1601447194,88,-17.8,-63.17,295.15,6.7
174,Guerrero Negro,1,MX,1601447195,50,27.98,-114.06,299.57,2.05
175,Pemangkat,60,ID,1601447066,72,1.17,108.97,302.41,4.38
176,Husavik,90,IS,1601447196,93,66.04,-17.34,275.15,3.6
177,Talnakh,40,RU,1601447196,92,69.49,88.4,272.15,8.0
178,Lavrentiya,0,RU,1601447196,89,65.58,-171.0,274.24,0.78
179,College,40,US,1601447197,70,64.86,-147.8,280.15,3.6
180,Ayan,75,RU,1601447197,56,56.45,138.17,283.72,4.54
181,Gloversville,90,US,1601446923,100,43.05,-74.34,288.15,5.7
182,Taltal,17,CL,1601447198,77,-25.4,-70.48,286.73,0.56
183,Kahuta,0,PK,1601447198,37,33.59,73.39,303.15,2.1
184,Nampula,6,MZ,1601447199,57,-15.12,39.27,299.15,3.6
185,Awjilah,0,LY,1601447199,69,29.11,21.29,297.85,3.47
186,Provideniya,90,RU,1601446901,70,64.38,-173.3,279.15,3.0
187,Ocós,99,GT,1601447200,96,14.51,-92.19,291.48,2.33
188,Heyang,90,CN,1601447026,82,26.1,107.47,293.07,1.73
189,The Pas,90,CA,1601447191,66,53.83,-101.25,284.15,7.2
190,Fort Nelson,5,CA,1601447200,80,58.81,-122.7,275.15,1.0
191,Ryōtsu-minato,90,JP,1601447201,68,38.08,138.43,295.15,3.1
192,Samarai,75,PG,1601447201,84,-10.62,150.67,299.26,7.68
193,Capanema,1,BR,1601447201,97,-1.2,-47.18,295.31,1.32
194,San Patricio,100,MX,1601447202,85,19.22,-104.7,299.71,2.01
195,Vardø,75,NO,1601446955,100,70.37,31.11,283.15,1.5
196,Carnarvon,0,AU,1601447202,64,-24.87,113.63,297.15,9.8
197,Yangi Marg`ilon,40,UZ,1601447203,58,40.43,71.72,287.15,3.1
198,Leshukonskoye,53,RU,1601447203,84,64.9,45.76,283.09,2.7
199,Ilulissat,95,GL,1601447204,73,69.22,-51.1,270.15,3.1
200,Salalah,20,OM,1601447204,65,17.02,54.09,301.15,3.1
201,Trairi,83,BR,1601446922,76,-3.28,-39.27,298.63,6.06
202,Mount Gambier,75,AU,1601447204,100,-37.83,140.77,285.15,5.7
203,Kudahuvadhoo,96,MV,1601447205,72,2.67,72.89,301.62,3.73
204,Boulder,40,US,1601446859,20,40.08,-105.35,290.15,4.3
205,Bull Savanna,77,JM,1601447206,85,17.89,-77.59,298.5,3.82
206,Praia,20,CV,1601447206,83,14.92,-23.51,298.15,5.1
207,Dwārka,15,IN,1601447207,65,22.24,68.97,302.08,4.94
208,Port Elizabeth,0,ZA,1601446991,67,-33.92,25.57,287.15,3.1
209,Ngunguru,87,NZ,1601447207,71,-35.62,174.5,286.48,1.79
210,Sterling,90,US,1601447208,93,39.01,-77.43,286.15,4.6
211,Andenes,90,NO,1601447208,100,69.31,16.12,283.15,3.6
212,Lata,99,PT,1601447208,93,40.16,-8.33,290.93,0.61
213,Nieuw Nickerie,94,SR,1601447209,86,5.95,-56.98,299.46,4.03
214,Lebu,96,CL,1601447209,83,-37.62,-73.65,280.59,4.82
215,Udachny,20,RU,1601447209,54,66.42,112.4,271.15,3.0
216,Sisimiut,33,GL,1601447210,93,66.94,-53.67,271.21,4.42
217,Campeche,66,MX,1601447210,98,19.0,-90.5,295.82,1.06
218,Lianzhou,95,CN,1601447211,73,24.78,112.38,298.69,2.84
219,Faanui,12,PF,1601447211,78,-16.48,-151.75,299.1,10.37
220,Stornoway,75,GB,1601447211,87,58.21,-6.39,285.15,13.9
221,General Pico,0,AR,1601447212,75,-35.66,-63.76,287.01,1.02
222,Nago,90,JP,1601447212,83,26.59,127.98,299.15,8.7
223,Bonthe,88,SL,1601447212,89,7.53,-12.51,297.9,1.43
224,Lüderitz,0,NA,1601447213,64,-26.65,15.16,286.81,8.73
225,The Valley,40,AI,1601447213,79,18.22,-63.06,302.15,5.1
226,Biak,41,ID,1601447214,72,-0.91,122.88,301.33,2.41
227,Presidencia Roque Sáenz Peña,0,AR,1601447214,55,-26.79,-60.44,296.01,2.58
228,Evanston,75,US,1601447215,71,42.04,-87.69,286.15,4.1
229,Saint Anthony,1,US,1601447215,81,45.02,-93.22,284.15,1.33
230,Makakilo City,40,US,1601446920,65,21.35,-158.09,299.82,1.5
231,Hithadhoo,100,MV,1601447215,68,-0.6,73.08,301.79,3.27
232,Mena,100,UA,1601447216,50,51.52,32.22,287.35,7.93
233,Barrow,90,US,1601447216,98,71.29,-156.79,273.15,4.6
234,Båtsfjord,75,NO,1601447217,87,70.63,29.72,283.15,2.1
235,Kayan,90,MM,1601447217,83,16.91,96.56,301.15,2.6
236,Pemba,40,MZ,1601447217,83,-12.97,40.52,298.15,2.1
237,Hualmay,89,PE,1601447218,87,-11.1,-77.61,289.16,3.64
238,Hambantota,75,LK,1601447218,83,6.12,81.12,301.15,5.7
239,Merritt,1,CA,1601447218,93,50.11,-120.79,286.15,0.6
240,Ola,100,RU,1601447219,74,59.58,151.28,281.14,4.24
241,Notsé,91,TG,1601447219,96,6.95,1.17,295.43,1.48
242,Tricase,5,IT,1601447204,82,39.93,18.36,289.15,3.67
243,Henties Bay,1,NA,1601447220,87,-22.12,14.28,285.37,2.24
244,Pandan,99,PH,1601447220,61,14.05,124.17,303.95,2.22
245,Makkah al Mukarramah,0,SA,1601447161,49,21.43,39.83,304.86,3.0
246,Nhulunbuy,40,AU,1601447120,55,-12.23,136.77,303.15,6.7
247,Boyolangu,49,ID,1601447221,63,-8.12,111.89,302.88,4.63
248,Nikolayevka,100,RU,1601446974,61,53.13,47.2,286.83,2.89
249,Flin Flon,95,CA,1601447222,82,54.77,-101.86,280.11,5.11
250,Durazno,0,UY,1601447222,93,-33.41,-56.5,283.34,2.66
251,Eišiškės,90,LT,1601447222,100,54.17,25.0,283.15,3.6
252,San Joaquin,69,VE,1601447223,79,10.26,-67.79,296.62,0.96
253,Tuatapere,99,NZ,1601447223,83,-46.13,167.68,283.15,3.13
254,Ossora,79,RU,1601447223,90,59.24,163.07,280.49,0.96
255,Pochutla,76,MX,1601447224,92,15.74,-96.47,297.04,1.61
256,Shakiso,88,ET,1601447224,82,5.75,38.92,291.66,1.32
257,Dumai,72,ID,1601447225,60,1.68,101.45,305.5,1.12
258,Saskylakh,51,RU,1601446943,90,71.92,114.08,273.19,1.61
259,Amapá,69,BR,1601447225,98,1.0,-52.0,294.94,1.03
260,Hervey Bay,65,AU,1601447226,50,-25.3,152.85,296.48,1.79
261,Smithers,90,CA,1601447152,87,54.78,-127.17,284.15,0.66
262,Kupang,20,ID,1601447226,56,-10.17,123.58,307.15,3.6
263,Boone,39,US,1601447227,76,39.03,-92.33,285.93,4.41
264,George,20,ZA,1601447227,76,-33.96,22.46,284.15,1.5
265,Clyde River,90,CA,1601447228,92,70.47,-68.59,270.15,5.7
266,Osa,23,RU,1601447228,73,57.28,55.46,287.05,0.44
267,Muzhi,87,RU,1601447123,75,65.37,64.67,284.21,3.77
268,Porbandar,40,IN,1601447228,62,21.64,69.61,304.15,3.1
269,Chokurdakh,91,RU,1601447229,86,70.63,147.92,279.3,3.48
270,Georgiyevskoye,100,RU,1601447229,74,58.73,45.02,284.32,2.92
271,Tual,78,ID,1601447229,81,-5.67,132.75,300.48,7.57
272,Warmbad,0,NA,1601447230,25,-28.45,18.73,287.7,4.16
273,Saldanha,1,ZA,1601447230,81,-33.01,17.94,281.15,1.5
274,Montepuez,58,MZ,1601447231,49,-13.13,39.0,299.39,2.03
275,Geraldton,0,AU,1601447231,49,-28.77,114.6,296.15,5.7
276,Srikakulam,100,IN,1601447231,82,18.3,83.9,299.55,4.66
277,Columbus,90,US,1601447232,76,39.96,-83.0,285.37,5.1
278,Dongsheng,95,CN,1601447232,50,39.82,109.98,291.25,6.79
279,Innisfail,49,AU,1601447232,69,-17.53,146.03,294.26,2.68
280,Rafaela,0,AR,1601447233,54,-31.25,-61.49,289.82,1.79
281,Luan,80,CH,1601447233,96,46.36,6.98,281.48,1.34
282,Bondowoso,58,ID,1601446966,49,-7.91,113.82,303.75,0.75
283,St. George's,40,GD,1601447234,88,12.06,-61.75,300.15,5.1
284,Rong Kwang,40,TH,1601447234,66,18.34,100.32,305.15,1.5
285,Bayir,0,TR,1601447234,68,37.27,28.22,293.15,1.5
286,Chernoyerkovskaya,40,RU,1601447234,65,45.43,37.77,298.15,4.0
287,Vila,0,PT,1601447235,93,42.03,-8.16,282.59,0.89
288,Province of Palermo,0,IT,1601447235,89,37.82,13.58,294.26,0.48
289,Belyy Yar,20,RU,1601447235,45,53.6,91.39,280.15,4.0
290,Lal'sk,99,RU,1601447235,80,60.74,47.59,284.42,2.49
291,Nioki,79,CD,1601447236,94,-2.72,17.68,294.93,0.6
292,Hofn,100,IS,1601447236,87,64.25,-15.21,281.41,3.7
293,Naze,75,JP,1601447237,94,28.37,129.48,298.15,11.8
294,Huilong,0,CN,1601447237,58,31.81,121.66,299.26,0.89
295,Remedios,40,CU,1601447237,94,22.49,-79.55,297.15,1.0
296,Arlit,59,NE,1601447238,12,18.74,7.39,305.03,1.23
297,Jardim de Piranhas,0,BR,1601447238,85,-6.38,-37.35,292.92,4.09
298,San Fernando del Valle de Catamarca,0,AR,1601447238,51,-28.47,-65.79,284.82,1.79
299,Portland,40,US,1601446925,77,45.52,-122.68,292.04,0.71
300,Bambous Virieux,75,MU,1601447239,78,-20.34,57.76,297.59,5.7
301,Mahibadhoo,100,MV,1601447239,74,3.78,72.97,301.28,3.51
302,Princeton,1,US,1601447240,100,25.54,-80.41,299.26,1.65
303,Rongcheng,4,CN,1601447240,86,30.63,117.85,298.71,3.57
304,Sitka,20,US,1601447191,62,57.05,-135.33,287.15,6.2
305,Burnie,100,AU,1601447241,89,-41.07,145.92,285.93,5.81
306,Kloulklubed,75,PW,1601447241,74,7.04,134.26,302.15,3.6
307,Yulara,0,AU,1601447242,18,-25.24,130.99,304.15,3.6
308,Kismayo,33,SO,1601447242,65,-0.36,42.55,300.54,5.31
309,Kathmandu,40,NP,1601447243,58,27.72,85.32,302.15,2.1
310,Grand Island,1,US,1601447243,50,40.92,-98.34,289.26,3.1
311,Te Anau,27,NZ,1601447244,88,-45.42,167.72,279.63,1.08
312,Richards Bay,77,ZA,1601447244,75,-28.78,32.04,291.2,1.13
313,Alamosa,1,US,1601447244,52,37.47,-105.87,279.15,2.1
314,Hong Kong,26,HK,1601447221,84,22.29,114.16,302.04,0.45
315,Ahmadpur,58,IN,1601447245,70,18.7,76.93,300.76,5.45
316,Ulladulla,75,AU,1601447245,68,-35.35,150.47,291.15,3.6
317,Iqaluit,90,CA,1601447246,68,63.75,-68.51,271.15,4.6
318,La Rioja,0,ES,1601447246,93,42.25,-2.5,283.15,2.43
319,Carlisle,100,US,1601447246,93,40.2,-77.19,284.82,1.88
320,Tanout,50,NE,1601447247,53,14.97,8.89,300.99,5.59
321,Sault Ste. Marie,90,CA,1601447247,87,46.52,-84.33,284.15,1.5
322,Pau Brasil,19,BR,1601447247,97,-15.46,-39.65,291.91,0.16
323,Edson,1,CA,1601447247,75,53.58,-116.44,278.15,2.1
324,Harbin,0,CN,1601447246,44,45.75,126.65,289.15,2.0
325,Lovozero,82,RU,1601447248,79,68.0,35.01,281.18,0.57
326,Homer,90,US,1601446982,57,59.64,-151.55,283.15,7.2
327,Garango,100,BF,1601447248,83,11.8,-0.55,296.71,2.07
328,Harper,43,LR,1601447249,90,4.38,-7.72,297.71,4.56
329,Shubarshi,0,KZ,1601447249,30,48.59,57.19,290.83,5.79
330,Ruwi,0,OM,1601447249,37,23.6,58.55,309.15,1.0
331,Santa Maria,60,BR,1601447250,88,-29.68,-53.81,291.04,1.26
332,Jales,5,BR,1601447250,52,-20.27,-50.55,297.85,3.4
333,Uíge,100,AO,1601447250,87,-7.61,15.06,293.11,0.88
334,Sebring,90,US,1601447251,94,27.5,-81.44,297.15,2.02
335,Karratha,62,AU,1601447251,17,-20.74,116.85,306.42,6.42
336,Erenhot,95,CN,1601447251,45,43.65,111.98,287.41,1.05
337,Ulaangom,78,MN,1601447252,43,49.98,92.07,283.62,3.37
338,Savannah Bight,2,HN,1601447252,70,16.45,-85.85,302.66,3.02
339,Mareeba,1,AU,1601447253,54,-17.0,145.43,300.37,3.13
340,Chiredzi,100,ZW,1601447253,87,-21.05,31.67,293.75,4.07
341,Necochea,0,AR,1601447253,82,-38.55,-58.74,285.37,2.24
342,Riyadh,0,SA,1601447070,17,24.69,46.72,306.15,2.6
343,Takoradze,89,GH,1601447254,93,4.88,-1.76,297.13,3.6
344,Kitgum,93,UG,1601447254,81,3.28,32.89,296.06,1.6
345,Isangel,40,VU,1601447255,78,-19.55,169.27,297.15,4.1
346,Okhotsk,100,RU,1601447255,63,59.38,143.3,283.65,2.02
347,Ádendro,2,GR,1601447255,66,40.67,22.6,290.93,3.13
348,Province of Trapani,75,IT,1601446469,88,37.83,12.67,295.37,2.6
349,Varadero,20,CU,1601447256,100,23.15,-81.25,297.15,1.0
350,Lima,90,PE,1601447173,77,-12.04,-77.03,290.15,6.2
351,Staryy Nadym,100,RU,1601447257,74,65.61,72.68,279.58,2.28
352,Khanbari,65,NP,1601447257,54,27.37,87.2,302.2,1.98
353,Monster,25,NL,1601447258,97,52.03,4.17,287.04,1.34
354,Thunder Bay,90,CA,1601447258,100,48.4,-89.32,281.48,1.0
355,São Félix do Xingu,12,BR,1601447258,76,-6.64,-51.99,296.63,0.63
356,Konstanz,75,DE,1601447259,93,47.66,9.18,282.15,1.0
357,Umm Kaddadah,100,SD,1601447259,54,13.6,26.69,302.93,4.77
358,Tokur,81,RU,1601447259,66,53.13,132.9,280.6,0.27
359,Bilibino,47,RU,1601447260,87,68.05,166.44,274.1,1.45
360,Freeport,90,US,1601447130,94,40.66,-73.58,295.37,9.8
361,Sobolevo,91,RU,1601447260,76,54.43,31.9,284.14,4.79
362,Marondera,58,ZW,1601447261,65,-18.19,31.55,292.92,5.42
363,Ţahţā,0,EG,1601447261,39,26.77,31.5,300.15,3.1
364,Araouane,4,ML,1601447261,19,18.9,-3.53,305.66,2.97
365,Mossamedes,95,AO,1601447262,82,-15.2,12.15,290.71,1.87
366,Aripuanã,84,BR,1601447262,72,-9.17,-60.63,297.62,0.72
367,Kidal,20,ML,1601447263,14,18.44,1.41,304.0,3.77
368,Qaqortoq,2,GL,1601447263,46,60.72,-46.03,271.15,3.6
369,Dubbo,90,AU,1601447263,68,-32.25,148.62,291.15,8.7
370,Nantucket,90,US,1601447264,94,41.28,-70.1,292.04,6.7
371,Shimanovsk,0,RU,1601447264,50,52.0,127.7,286.85,0.86
372,Diu,3,IN,1601447264,64,20.71,70.98,302.34,2.25
373,Boca do Acre,89,BR,1601447265,97,-8.75,-67.4,295.63,1.66
374,Khorixas,0,NA,1601447265,27,-20.37,14.97,291.03,1.11
375,Kungurtug,96,RU,1601447265,57,50.6,97.52,279.16,3.36
376,Havøysund,20,NO,1601447266,93,71.0,24.66,282.15,0.5
377,Şicula,75,RO,1601447266,87,46.43,21.75,285.37,4.1
378,Kropotkin,99,RU,1601447266,51,45.44,40.58,291.47,9.41
379,Los Llanos de Aridane,40,ES,1601447266,69,28.66,-17.92,296.15,4.6
380,Gryazovets,100,RU,1601447237,73,58.88,40.25,283.63,3.99
381,Hanover,75,DE,1601447267,100,52.37,9.73,287.59,1.0
382,Namtsy,2,RU,1601447267,38,62.72,129.67,279.15,1.0
383,Ürümqi,0,CN,1601447164,19,43.8,87.6,288.15,3.0
384,Mata,96,PT,1601447267,93,40.68,-7.46,283.15,0.47
385,Tombouctou,5,ML,1601447268,16,20.0,-3.0,305.61,2.76
386,Ambilobe,0,MG,1601447268,40,-13.2,49.05,306.88,1.95
387,Coahuayana Viejo,91,MX,1601447268,84,18.73,-103.68,298.35,1.19
388,Dubai,0,AE,1601447085,26,25.26,55.3,308.15,3.1
389,Ketchikan,1,US,1601447269,93,55.34,-131.65,283.15,2.1
390,Kholmogory,75,RU,1601447269,100,64.22,41.66,280.15,2.0
391,Vila Velha,20,BR,1601447270,88,-20.33,-40.29,299.26,3.6
392,Vila Franca do Campo,75,PT,1601447177,72,37.72,-25.43,292.15,2.6
393,Eyl,100,SO,1601447270,64,7.98,49.82,300.77,9.21
394,Hamilton,1,US,1601447271,93,39.18,-84.53,282.59,3.12
395,Bandarbeyla,65,SO,1601447271,66,9.49,50.81,300.98,9.08
396,Gravelbourg,27,CA,1601447271,46,49.88,-106.55,282.85,6.49
397,Warri,100,NG,1601447272,96,5.52,5.75,296.6,1.53
398,Baijiantan,0,CN,1601447272,36,45.63,85.18,287.34,4.25
399,Albanel,90,CA,1601447273,100,48.88,-72.45,285.15,1.14
400,Fort-Shevchenko,0,KZ,1601447273,37,44.51,50.26,292.3,7.71
401,Mujiayingzi,11,CN,1601447273,33,42.12,118.78,288.18,1.52
402,Aykhal,20,RU,1601447274,50,66.0,111.5,272.15,3.0
403,Bowling Green,40,US,1601447258,81,36.99,-86.44,284.15,2.1
404,La Sarre,99,CA,1601447031,97,48.8,-79.2,281.35,2.91
405,Poum,63,NC,1601447275,71,-20.23,164.02,294.84,7.24
406,Pisco,90,PE,1601447275,82,-13.7,-76.22,290.15,1.5
407,Port Hawkesbury,90,CA,1601447276,94,45.62,-61.35,293.15,2.6
408,Vorona,75,RO,1601447276,81,47.6,26.64,285.93,3.6
409,Port Shepstone,28,ZA,1601447276,62,-30.74,30.45,289.74,1.94
410,Ambon City,40,ID,1601447276,74,-3.7,128.18,303.15,2.6
411,Brigantine,90,US,1601447277,88,39.41,-74.36,296.15,8.7
412,Berlevåg,75,NO,1601447277,87,70.86,29.09,283.15,3.1
413,Xincheng,7,CN,1601447277,48,33.63,115.18,299.71,2.6
414,Cidreira,44,BR,1601447278,91,-30.18,-50.21,289.58,4.89
415,Goya,6,AR,1601447278,75,-29.14,-59.26,291.53,3.15
416,El Tigre,55,VE,1601447278,88,8.89,-64.25,296.73,4.69
417,Dingle,89,PH,1601447279,73,11.0,122.67,303.43,2.49
418,Ukiah,1,US,1601447187,40,39.15,-123.21,294.15,0.9
419,Challans,77,FR,1601447279,100,46.84,-1.87,288.71,2.1
420,Petropavlovsk-Kamchatskiy,13,RU,1601447279,87,53.05,158.65,285.15,2.0
421,Montería,100,CO,1601447280,87,8.75,-75.88,297.03,3.61
422,Chui,0,UY,1601447280,94,-33.7,-53.46,283.73,2.09
423,Oranjestad,20,AW,1601447280,74,12.52,-70.03,303.15,10.3
424,Solenzo,45,BF,1601447281,81,12.18,-4.08,297.16,3.01
425,Buraidah,0,SA,1601447281,30,26.33,43.98,303.15,2.6
426,Dicabisagan,87,PH,1601447281,66,17.08,122.42,303.51,1.49
427,Saint-François,90,FR,1601447282,100,46.42,3.91,282.04,1.0
428,São Filipe,2,CV,1601447282,77,14.9,-24.5,299.13,5.04
429,Gushikawa,90,JP,1601447282,83,26.35,127.87,299.15,8.7
430,Pacific Grove,90,US,1601447283,93,36.62,-121.92,288.15,2.23
431,Buchanan,46,LR,1601447283,87,5.88,-10.05,297.47,0.48
432,Vanimo,65,PG,1601447283,72,-2.67,141.3,302.14,3.01
433,Bontang,90,ID,1601447284,69,0.13,117.5,302.09,3.19
434,Reigate,20,GB,1601447284,93,51.24,-0.21,283.71,1.0
435,Parrita,100,CR,1601447091,94,9.52,-84.32,293.15,2.1
436,Northam,100,GB,1601447284,92,51.03,-4.22,285.93,4.47
437,Guantánamo,75,CU,1601447284,83,20.14,-75.21,300.15,3.1
438,Hede,38,CN,1601447285,64,33.77,120.25,294.87,5.45
439,Bernalillo,1,US,1601447190,22,35.05,-106.67,288.15,2.6
440,Songjianghe,29,CN,1601447285,58,42.19,127.48,286.98,2.26
441,Fortuna,90,US,1601447285,100,40.6,-124.16,288.15,2.1
442,Bairiki Village,20,KI,1601447286,78,1.33,172.98,301.15,4.1
443,Rome,90,US,1601447156,87,43.21,-75.46,286.15,2.6
444,High Rock,18,BS,1601447286,74,26.62,-78.28,301.88,4.3
445,San Quintín,0,MX,1601447287,55,30.48,-115.95,297.68,2.76
446,Requena,93,ES,1601447287,90,39.49,-1.1,284.26,1.28
447,Haines Junction,100,CA,1601447287,81,60.75,-137.51,277.6,1.04
448,Wanning,80,CN,1601447288,69,18.8,110.4,303.74,1.51
449,Wanaka,7,NZ,1601447105,66,-44.7,169.15,279.61,1.46
450,Kodinsk,28,RU,1601447288,62,58.69,99.18,278.15,3.14
451,Niterói,40,BR,1601447150,88,-22.88,-43.1,296.15,2.1
452,Agia Marina,1,GR,1601447289,49,37.75,23.53,294.82,6.75
453,Ponta do Sol,75,PT,1601447289,77,32.67,-17.1,293.15,3.6
454,Prince Rupert,1,CA,1601447290,100,54.32,-130.32,284.15,1.0
455,Chapais,90,CA,1601447290,93,49.78,-74.85,283.15,2.6
456,Leh,0,IN,1601447291,35,34.17,77.58,283.49,1.98
457,Puksoozero,98,RU,1601447291,93,62.59,40.61,281.69,2.56
458,Shahreza,0,IR,1601447291,30,32.03,51.88,288.95,1.77
459,Zhangye,78,CN,1601447292,38,38.93,100.45,286.97,3.75
460,Kuandian,23,CN,1601447292,46,40.73,124.78,291.6,1.7
461,Golden,0,US,1601447292,20,39.76,-105.22,290.37,3.57
462,San Luis,1,AR,1601447293,38,-33.3,-66.34,289.84,2.77
463,Gberia Fotombu,75,SL,1601447293,98,9.88,-11.17,293.15,1.46
464,Griffith,40,US,1601447293,81,41.53,-87.42,285.15,3.6
465,Gwadar,0,PK,1601447294,45,25.12,62.33,303.0,1.75
466,Ust'-Barguzin,55,RU,1601447294,65,53.45,108.98,281.57,2.73
467,Mayumba,100,GA,1601447295,74,-3.43,10.66,297.62,1.04
468,Kuril'sk,100,RU,1601447295,64,45.23,147.88,287.69,1.73
469,Urusha,95,RU,1601447295,48,54.05,122.9,284.5,2.1
470,Daru,98,PG,1601447296,76,-9.08,143.21,299.02,7.78
471,Canyon,0,US,1601447296,26,34.98,-101.92,288.71,0.89
472,Alcúdia,37,ES,1601447296,87,39.85,3.12,288.71,2.1
473,Bima,99,ID,1601447297,42,-8.47,118.72,306.23,1.01
